"date","report"
2020/10/10,15166
2020/10/9,13864
2020/10/8,17540
2020/10/7,14162
2020/10/6,14542
2020/10/5,12594
2020/10/4,22961
2020/10/3,12872
2020/10/2,6968
2020/10/1,6914
2020/9/30,7108
2020/9/29,7143
2020/9/28,4044
2020/9/27,5693
2020/9/26,6042
2020/9/25,6874
2020/9/24,6634
2020/9/23,6178
2020/9/22,4926
2020/9/21,4368
2020/9/20,3899
2020/9/19,4422
2020/9/18,4322
2020/9/17,3395
2020/9/16,3991
2020/9/15,3105
2020/9/14,2621
2020/9/13,3330
2020/9/12,3497
2020/9/11,3539
2020/9/10,2919
2020/9/9,2659
2020/9/8,2460
2020/9/7,2948
2020/9/6,2988
2020/9/5,1813
2020/9/4,1940
2020/9/3,1735
2020/9/2,1508
2020/9/1,1295
2020/8/31,1406
2020/8/30,1715
2020/8/29,1108
2020/8/28,1276
2020/8/27,1522
2020/8/26,1048
2020/8/25,1184
2020/8/24,853
2020/8/23,1160
2020/8/22,1288
2020/8/21,1033
2020/8/20,1182
2020/8/19,812
2020/8/18,1089
2020/8/17,713
2020/8/16,1040
2020/8/15,1077
2020/8/14,1441
2020/8/13,1129
2020/8/12,1009
2020/8/11,1148
2020/8/10,816
2020/8/9,1062
2020/8/8,758
2020/8/7,871
2020/8/6,950
2020/8/5,892
2020/8/4,670
2020/8/3,938
2020/8/2,743
2020/8/1,761
2020/7/31,880
2020/7/30,846
2020/7/29,763
2020/7/28,581
2020/7/27,685
2020/7/26,745
2020/7/25,767
2020/7/24,768
2020/7/23,769
2020/7/22,560
2020/7/21,445
2020/7/20,580
2020/7/19,726
2020/7/18,827
2020/7/17,687
2020/7/16,642
2020/7/15,538
2020/7/14,398
2020/7/13,530
2020/7/12,650
2020/7/11,820
2020/7/10,512
2020/7/9,642
2020/7/8,630
2020/7/7,581
2020/7/6,352
2020/7/5,516
2020/7/4,624
2020/7/3,544
2020/7/2,576
2020/7/1,829
2020/6/30,689
2020/6/29,815
2020/6/28,901
2020/6/27,890
2020/6/26,1006
2020/6/25,1118
2020/6/24,653
2020/6/23,874
2020/6/22,958
2020/6/21,1221
2020/6/20,1295
2020/6/19,1346
2020/6/18,1218
2020/6/17,1115
2020/6/16,1279
2020/6/15,1056
2020/6/14,1514
2020/6/13,1425
2020/6/12,1541
2020/6/11,1266
2020/6/10,1003
2020/6/9,1387
2020/6/8,1205
2020/6/7,1326
2020/6/6,1557
2020/6/5,1650
2020/6/4,1805
2020/6/3,1871
2020/6/2,1613
2020/6/1,1570
2020/5/31,1936
2020/5/30,2445
2020/5/29,2095
2020/5/28,1887
2020/5/27,2013
2020/5/26,2004
2020/5/25,1625
2020/5/24,2409
2020/5/23,2959
2020/5/22,3287
2020/5/21,2615
2020/5/20,2472
2020/5/19,2412
2020/5/18,2684
2020/5/17,3562
2020/5/16,3451
2020/5/15,3560
2020/5/14,3446
2020/5/13,3242
2020/5/12,3403
2020/5/11,3877
2020/5/10,3923
2020/5/9,3896
2020/5/8,4649
2020/5/7,5614
2020/5/6,6111
2020/5/5,4406
2020/5/4,3985
2020/5/3,4339
2020/5/2,4806
2020/5/1,6201
2020/4/30,6032
2020/4/29,4076
2020/4/28,3996
2020/4/27,4310
2020/4/26,4463
2020/4/25,4913
2020/4/24,5386
2020/4/23,4583
2020/4/22,4451
2020/4/21,4301
2020/4/20,4676
2020/4/19,5850
2020/4/18,5526
2020/4/17,5599
2020/4/16,4618
2020/4/15,4605
2020/4/14,5252
2020/4/13,4342
2020/4/12,5288
2020/4/11,5234
2020/4/10,5706
2020/4/9,4675
2020/4/8,5865
2020/4/7,3888
2020/4/6,4143
2020/4/5,6199
2020/4/4,4000
2020/4/3,4672
2020/4/2,4522
2020/4/1,4567
2020/3/31,3250
2020/3/30,2665
2020/3/29,2502
2020/3/28,2556
2020/3/27,2890
2020/3/26,2129
2020/3/25,1452
2020/3/24,1427
2020/3/23,967
2020/3/22,665
2020/3/21,1035
2020/3/20,714
2020/3/19,643
2020/3/18,676
2020/3/17,407
2020/3/16,152
2020/3/15,330
2020/3/14,264
2020/3/13,207
2020/3/12,134
2020/3/11,83
2020/3/10,52
2020/3/9,50
2020/3/8,65
2020/3/7,46
2020/3/6,46
2020/3/5,29
2020/3/4,34
2020/3/3,11
2020/3/2,5
2020/3/1,12
2020/2/29,4
2020/2/28,6
2020/2/27,0
2020/2/26,0
2020/2/25,0
2020/2/24,4
2020/2/23,0
2020/2/22,0
2020/2/21,0
2020/2/20,0
2020/2/19,0
2020/2/18,0
2020/2/17,0
2020/2/16,0
2020/2/15,0
2020/2/14,0
2020/2/13,1
2020/2/12,0
2020/2/11,0
2020/2/10,4
2020/2/9,1
2020/2/8,0
2020/2/7,0
2020/2/6,1
2020/2/5,0
2020/2/4,0
2020/2/3,0
2020/2/2,0
2020/2/1,0
2020/1/31,2
2020/1/30,0
2020/1/29,0
2020/1/28,0
2020/1/27,0
2020/1/26,0
2020/1/25,0
2020/1/24,0
2020/1/23,0
2020/1/22,0
2020/1/21,0
2020/1/20,0
2020/1/19,0
2020/1/18,0
2020/1/17,0
2020/1/16,0
2020/1/15,0
2020/1/14,0
2020/1/13,0
2020/1/12,0
2020/1/11,0
2020/1/10,0
2020/1/9,0
2020/1/8,0
2020/1/7,0
2020/1/6,0
2020/1/5,0
2020/1/4,0
2020/1/3,0